subset,condition,method,mse_norm_mean,mse_norm_std,mse_norm_median,mse_norm_q025,mse_norm_q975,mse_norm_n,psnr_norm_db_mean,psnr_norm_db_std,psnr_norm_db_median,psnr_norm_db_q025,psnr_norm_db_q975,psnr_norm_db_n,gfc_mean,gfc_std,gfc_median,gfc_q025,gfc_q975,gfc_n,low_frequency_nrmse_mean,low_frequency_nrmse_std,low_frequency_nrmse_median,low_frequency_nrmse_q025,low_frequency_nrmse_q975,low_frequency_nrmse_n,peak_amplitude_ratio_mean,peak_amplitude_ratio_std,peak_amplitude_ratio_median,peak_amplitude_ratio_q025,peak_amplitude_ratio_q975,peak_amplitude_ratio_n,peak_location_error_samples_mean,peak_location_error_samples_std,peak_location_error_samples_median,peak_location_error_samples_q025,peak_location_error_samples_q975,peak_location_error_samples_n
all,Combined OOD,BasicCNN,0.004842337644307312,0.004221183314008861,0.003572487970814109,0.0002337427908059908,0.014456773176789284,240,25.324133053992696,4.982706763499178,24.470307921053916,18.399288683948058,36.312617925376,240,0.9081687582540531,0.1827937370265636,0.9871565763200889,0.30642356803531656,0.9996514455043871,240,0.3940448315815529,0.7752614141259571,0.15773325087158818,0.023941886878393926,2.1450277999422678,240,1.3824233346379589,1.2363246480755974,1.0405591197514656,0.832643849454143,3.720121415517876,240,46.65416666666667,84.90458084623606,12.0,0.0,304.3750000000001,240
all,Combined OOD,DnCNN,0.0026697860813631753,0.0026992187904448725,0.0018650128040462732,0.00012160851620137692,0.009354600892402233,240,28.068310330319154,5.058024280690034,27.293239845845605,20.289766342752245,39.1505547946725,240,0.9344652691432164,0.1578202645797075,0.9933497813684188,0.39701818442021297,0.9998269542668141,240,0.2971153487472911,0.5662316644236051,0.11675419723483355,0.01867230263469457,1.7371705614427735,240,1.2070889987533926,0.7777005745744445,1.0119886991627594,0.8018685415470778,2.8910477057270527,240,47.4375,88.02702757495568,10.0,0.0,304.4000000000001,240
all,Combined OOD,DnResUnet,0.0018820067453058679,0.0024080868553948945,0.0009514139965176582,6.449625889217715e-05,0.008522817306220532,240,30.260989661466798,5.538082816802367,30.21667637497964,20.694185671252384,41.904793808310515,240,0.9394476434523529,0.1704610320111372,0.9971423614667572,0.37265907370522733,0.9999067813258036,240,0.24425839598526633,0.538824677352454,0.0808966868602807,0.012930814800510329,1.5361498961041706,240,1.9021814073737724,8.37532537429361,0.9851885300301583,0.7560108185610327,3.3522771026230993,240,51.8875,96.33297298485301,9.0,0.0,340.0,240
all,Combined OOD,No denoise,0.015709851467060314,0.014875877432309925,0.01061228709295392,0.0006227590201888233,0.05315102711319924,240,20.622655682564435,5.490904706503285,19.741912480947192,12.744909627217023,32.05680205951581,240,0.8467315213127979,0.23103343656041495,0.9629394723172939,0.1748753243387414,0.9990679336999836,240,0.45219854690297606,0.9080196618333284,0.17068884287372876,0.02528685630097652,2.651771809379309,240,3.4271781448395084,9.910366185834311,1.3940275760838514,0.9407625957619151,13.968516641432918,240,93.8,112.80861713724892,42.0,0.0,380.6250000000001,240
all,Combined OOD,Savitzky-Golay,0.006080746390822848,0.005628974932425699,0.004113161936402321,0.00022552296395588202,0.02044173781760037,240,24.649826525307944,5.391922695938558,23.85835339849404,16.894837256816043,36.46814067483832,240,0.900634578432035,0.1895520455170206,0.9854863358527595,0.27476365722743135,0.9996509113602892,240,0.4493654129215799,0.9032056889979959,0.16966720597092244,0.025140362920790294,2.6309040836257345,240,1.4574476657341588,1.3687125157623483,1.067991436362077,0.8713398258871721,4.6890098883974805,240,53.675,93.55679030702315,13.0,0.0,320.05,240
all,Combined OOD,TCN,0.0019756606544130287,0.002476580884327988,0.0011561173596419394,7.005908355495195e-05,0.008480100915767255,240,30.042663381652137,5.61435357897787,29.370025710933295,20.71607206799521,41.547681425961244,240,0.9393457231038429,0.17309176961652717,0.9966152358764875,0.40193986653321206,0.9999070769118054,240,0.25187488361633464,0.5134878718799968,0.08603524093335455,0.013874567899473897,1.5688780941493723,240,1.4866051753377922,4.183995231095727,0.9960654980830628,0.8033195277452674,3.2138228638413606,240,50.40833333333333,94.86043444089428,9.0,0.0,333.5500000000001,240
all,Combined OOD,UNet1D,0.002256691366013304,0.0028607261321871775,0.0011292212293483317,0.000139421545463847,0.009728764928877358,240,29.181224214261427,4.9689579613708075,29.472348338720558,20.11981178834211,38.55673699464267,240,0.9464224866993862,0.1672711608576148,0.996948817703221,0.43115910844580957,0.999828935911172,240,0.25867972962848307,0.5038731763007462,0.09692961610571331,0.02139483074118575,1.7329677348937471,240,1.1017969051398737,0.7010909920001739,0.9603832994369128,0.7553981918430303,3.126790631526954,240,42.77916666666667,87.51093884602479,8.0,0.0,333.17500000000007,240
all,Combined OOD,Wavelet,0.00372649640175436,0.00342505377163063,0.0025647832845742736,0.00015381822337380183,0.011392346514029133,240,26.55554409185564,5.108118542854966,25.90964504277174,19.433925469942764,38.12997422613545,240,0.9219648328954755,0.16972847744308092,0.9912203527164338,0.35141845531927063,0.9997866523177711,240,0.35199501773527203,0.7111381875746932,0.1311420812859696,0.020332224227872352,2.10905879112927,240,2.000075316586483,6.232930950475873,1.0323804595486283,0.8337794661643214,6.285667963481731,240,61.57083333333333,99.47079207631805,14.0,0.0,357.225,240
all,Combined OOD,Wiener,0.005250917938562547,0.004700796531763571,0.003636105950176702,0.00015791053819411106,0.01586608595080381,240,25.318269747122866,5.543762132899045,24.393636849532598,17.99534248467373,38.01590834626726,240,0.905406465077368,0.18553118152701067,0.9871558802375089,0.30363351158973456,0.9997681955127674,240,0.3744559594947929,0.7439976525414705,0.14360529372621733,0.020403564140160618,2.1596901769847925,240,2.7004878568120225,8.689847963089003,1.1032311572132238,0.8457801645379205,10.027280337375261,240,91.7125,122.6968772726862,27.0,0.0,384.5250000000001,240
all,ID resampling,BasicCNN,0.006413895472299676,0.007223562458506654,0.003964250907301903,0.00016556807640881745,0.027597002172842642,240,25.27478677221367,6.327180564610021,24.018404993461836,15.592062844736667,37.811919594879384,240,0.9027724784357457,0.20719918097083806,0.988760357406286,0.20637684211152846,0.9997574131902848,240,0.36403339842314286,0.6732990773095052,0.1433755818800091,0.01965920593338435,2.0800454602058736,240,1.3949632613544731,1.034952803349402,1.0423446403767596,0.9235727133900001,4.638442329088642,240,51.4125,103.41135638655511,8.0,0.0,398.9750000000005,240
all,ID resampling,DnCNN,0.0033995038438433766,0.004223320726884056,0.0017457199282944202,8.127661312755663e-05,0.013577531417831792,240,28.351065790516834,6.483372236373595,27.58056862803759,18.67317233999859,40.90163704935735,240,0.9320570010106916,0.18545190925338026,0.9951579375974482,0.3714696631886996,0.9998825730018753,240,0.2799727483396609,0.539955527316099,0.1028604329329639,0.015394381033841917,1.484124107869047,240,1.1769979695882051,0.6694082218662725,1.004526652436322,0.8353387727064465,2.623864440977434,240,47.0875,101.32881069354875,6.0,0.0,396.55000000000035,240
all,ID resampling,DnResUnet,0.0016495374096393788,0.0024425038284046005,0.0007384174969047308,4.529085554167978e-05,0.009602854889817538,240,31.700102255865268,6.170431431666001,31.318045626279783,20.17604629971918,43.440016443400474,240,0.9586817438675455,0.17057318605061686,0.9982433405289326,0.673474278080509,0.999936090503013,240,0.18708022849749859,0.35219630015046766,0.06717166404403209,0.01182352209093606,1.1668307068550303,240,1.0376602575000584,0.3021524719374723,0.9906949284388911,0.7056450466761314,1.9567400057399125,240,48.55,105.8788168113546,4.0,0.0,356.025,240
all,ID resampling,No denoise,0.024787635425673214,0.025706157161827437,0.01432484807446599,0.0004657689190935344,0.08481954131275417,240,19.66397403021013,6.773876966810337,18.439110968030352,10.715060108216138,33.318346108514845,240,0.8355217025877124,0.2506440229628679,0.9654698929438039,0.11718909976333838,0.9991385359080935,240,0.48202969139993807,0.9656298126924089,0.15765694802693514,0.02146794417032474,2.7972915203091064,240,2.450917064587739,3.616698714793843,1.3316518805811732,0.9953927124281725,11.130313905261914,240,81.50416666666666,126.05726924303002,18.5,0.0,479.1,240
all,ID resampling,Savitzky-Golay,0.010807977347379467,0.014048934266542834,0.0051392302848398685,0.0001557608076836914,0.05292071448639035,240,23.814479353438255,7.050241510135003,22.89499054406194,12.763743454536703,38.07562392215616,240,0.8869734689201386,0.2231640682379122,0.9853826701805946,0.21001348335469608,0.9996892205536017,240,0.4780593111479417,0.9580002555666122,0.15579011551697503,0.021441051806737638,2.7550687456455933,240,1.6749800752393837,1.683356406060562,1.095590017917932,0.9562914241543921,6.896728033418416,240,64.62083333333334,113.65981865141123,10.0,0.0,443.82500000000016,240
all,ID resampling,TCN,0.0016958261589858617,0.002697448551816374,0.0007270812056958675,3.640393542809761e-05,0.009851790708489723,240,31.74704691506077,6.292839502453411,31.384170989361863,20.06550205778452,44.388554188622464,240,0.9556295952131382,0.1763588087919943,0.9980793603298139,0.47665042779491085,0.9999355454409292,240,0.19010200232581262,0.3840943773474597,0.06934518130450007,0.012419764280328241,1.0770887303603793,240,1.0608821449571915,0.3959558694679047,1.0004268045714564,0.6956635275144973,1.8070840532429344,240,43.5875,102.3506599083856,4.0,0.0,367.2500000000003,240
all,ID resampling,UNet1D,0.0018667925145261202,0.0029857922057001493,0.0008599075372330844,8.691082675795769e-05,0.009863730496726932,240,30.62773735315996,5.393431093670131,30.6554879267654,20.059597189769775,40.60929759412952,240,0.9583075232797993,0.15678231698032344,0.9981112170927255,0.6245585763249639,0.9998994986066959,240,0.19544415920899147,0.35124680984355655,0.07500421584163561,0.01766446302733285,0.9428774914889063,240,1.0118558236645818,0.2843242670253415,0.9815342071941157,0.6807804191407514,1.8017591254274514,240,46.18333333333333,106.87837559000752,4.0,0.0,374.0000000000007,240
all,ID resampling,Wavelet,0.01210071554481997,0.017844056872706723,0.004630549448964759,0.0001718912166831944,0.06357509273881298,240,24.049946563067806,7.422187416128834,23.343728039330408,11.967214625129563,37.65169233407636,240,0.8867248263497522,0.2262512531264626,0.9857632343866926,0.19828337897770074,0.9996503212553929,240,0.4226993861610188,0.8548335961711628,0.13084941527928617,0.01812994266095029,2.643699313812157,240,1.8651725029697128,2.1697616587982296,1.1120218519698652,0.9299377831678936,9.331062138484285,240,69.9875,116.3493326457568,11.0,0.0,423.6750000000002,240
all,ID resampling,Wiener,0.008529851845136405,0.01059749955913878,0.004626540007125819,0.00011970501832147569,0.032772373030742596,240,24.864910603751675,7.219424192387375,23.355019880521553,14.848887779210658,39.218897583465896,240,0.89502203225248,0.21765237970896295,0.9887562111174946,0.22608774725750208,0.9998325755738637,240,0.41003593571730235,0.8201938292453408,0.1312978034990689,0.017794405601896976,2.3212631455823822,240,1.8890438296058591,2.222145676416085,1.1216056826573702,0.932984767171219,8.60445782521517,240,81.84166666666667,129.24651259562518,10.5,0.0,477.25000000000006,240
all,Sparse acquisition,BasicCNN,0.0031362804385935304,0.003139426147853716,0.0019309972412884235,0.00012128729686082807,0.010663253348320724,240,27.5860385562259,5.373666870437547,27.142321043146204,19.721146364433665,39.16187316904507,240,0.9526884610581746,0.10476778072586497,0.9954090548163556,0.6404768424706692,0.999800049883401,240,0.19674087637789614,0.3335406113407043,0.08655524032776428,0.013619496831625699,0.8202093166316834,240,1.137754608632444,0.6242046059341546,1.0082757524433648,0.8278483853633581,2.31971276496925,240,44.19166666666667,90.05821416524532,7.0,0.0,366.0,240
all,Sparse acquisition,DnCNN,0.0015366855242973543,0.002273229959747295,0.0008462914265692234,4.441702467374853e-05,0.005901213421020666,240,31.227825310994604,5.644687237243675,30.72480390665953,22.29382402282344,43.524542342526345,240,0.9762134718190035,0.06119611017250293,0.998065244513813,0.8225763244494709,0.9999350859534957,240,0.14320405439569303,0.22829787697440565,0.06674946925354533,0.00964636656184977,0.6219858261419378,240,1.0393212322003065,0.3495152250861048,0.9863630197478159,0.7684523687011523,1.6230483955033848,240,46.84583333333333,95.95586711842634,7.5,0.0,363.025,240
all,Sparse acquisition,DnResUnet,0.0011038106261973249,0.002158735854541098,0.0005294924194458872,3.571931883925572e-05,0.006079096626490364,240,33.39400466779919,5.864012889592251,32.761403845623505,22.165027886524697,44.47111162182757,240,0.9842804269631479,0.060880103449096404,0.9988003951774039,0.901419559345186,0.9999494120089941,240,0.10847515603912375,0.1450603967102677,0.0535205283756163,0.009183354154809822,0.48260357422392836,240,0.9920219133127947,0.16691428974003575,0.9775273285619215,0.7624387834480149,1.4030979518443616,240,40.545833333333334,93.14898975399399,4.0,0.0,349.42500000000007,240
all,Sparse acquisition,No denoise,0.028254995372987642,0.03052414950253401,0.013771653270118919,0.0006034850875129695,0.09809332052311232,240,19.075161589295377,6.564223718941243,18.61046970186486,10.08360608998798,32.193340384982804,240,0.8479719494998937,0.22266934205208866,0.9655521485676997,0.2264335734490411,0.9990035485102117,240,0.23365152517611829,0.47939672144080525,0.08477881654220898,0.014349137994166514,1.2308463305492918,240,2.1066408917469537,3.007154891428398,1.299092356297971,0.9546745693859292,7.717480817863731,240,70.0125,119.21530332144907,15.0,0.0,431.8000000000002,240
all,Sparse acquisition,Savitzky-Golay,0.0037128906590188525,0.003986631656590504,0.001817030933595106,8.020188277612181e-05,0.013425441802291993,240,27.496772285485637,6.1141243341229785,27.407437422641348,18.72125758478241,40.95815437180244,240,0.9498308069856874,0.11060511493698277,0.9952583574778997,0.618435428950056,0.9998645276660072,240,0.23104657698926717,0.4709018299467307,0.08415136071012504,0.014253449508117709,1.2212326706540892,240,1.247657038889505,0.8654336274033467,1.027614363257225,0.8720362379227814,3.166477639320594,240,47.86666666666667,98.32853592060698,9.0,0.0,364.025,240
all,Sparse acquisition,TCN,0.0012548564660657272,0.0021839164304404204,0.0005811969458591193,3.117329988526763e-05,0.006365836260374638,240,32.75189689749542,6.0423137113188075,32.3567672898269,21.96167366705064,45.06219096272339,240,0.9826442412363235,0.05308674515450884,0.998534819031959,0.8509219709106854,0.9999565091825275,240,0.11787089526004695,0.16977313370542754,0.0556580982384141,0.008352023451988258,0.5292984074980842,240,1.0226427133273552,0.36214470448702324,0.9858975207655396,0.7921679095698384,1.547715435654332,240,40.225,94.17663121023595,4.0,0.0,327.97500000000025,240
all,Sparse acquisition,UNet1D,0.0012305958940184306,0.002210990600966314,0.0005859336815774441,0.00012048583503201372,0.0070605678483843925,240,32.09274103434079,4.690714036188728,32.321551846741684,21.515428832787123,39.19070790720815,240,0.9875183998445608,0.03465777569140485,0.9986253065884474,0.9123857272503981,0.9998805289718343,240,0.11436756650030272,0.13469637643166682,0.058619339216985894,0.02279533474983902,0.45462572300438,240,0.9449726229283484,0.10950348291092957,0.963509855274143,0.7194516678470549,1.0627016273364864,240,38.85,92.41693318731667,5.0,0.0,349.42500000000007,240
all,Sparse acquisition,Wavelet,0.0015327101102686304,0.0023635660559070374,0.0007654671459736794,3.690231465856558e-05,0.006360032230363926,240,31.453263536920325,5.758642463239948,31.1611533070079,21.9668350356719,44.33187268830453,240,0.9764537124639268,0.06284250942997396,0.998123689010656,0.8097250866868733,0.9999383832949604,240,0.15994442951251575,0.29852776129011804,0.06411831367299345,0.011344649944560014,0.7940179441501882,240,1.039617702845207,0.4029834302435935,0.97582561472222,0.8103386016176665,1.745749435010889,240,40.270833333333336,88.52112236017548,6.0,0.0,323.05000000000024,240
all,Sparse acquisition,Wiener,0.002877610856549397,0.0031681576443402045,0.0014654195844393029,7.063453294174472e-05,0.009978249466141308,240,28.46742391011541,5.9234221188895875,28.34053187450007,20.009478272020115,41.50983731893496,240,0.9580959231465911,0.09674741104282235,0.9958929036938684,0.6603043318961329,0.9998889986907852,240,0.1826866026228873,0.34628519985480727,0.07239666955858479,0.011877626615339629,0.9184088882929148,240,1.3415068437895001,1.2010198090669133,1.046146535561395,0.8679913589590563,3.704110026098536,240,75.65833333333333,124.39762780994651,10.5,0.0,427.9000000000002,240
all,Unseen noise,BasicCNN,0.004235076326585841,0.003973216015096872,0.0030820221873000264,0.0002045015702606179,0.013973382278345527,240,26.355091283429285,5.497212411662477,25.111644192835833,18.546987709043982,36.893033691656086,240,0.9112911989695197,0.17803605603562025,0.9890226671876224,0.35114135650503586,0.9996584978796058,240,0.3852854371598956,0.7989011430804729,0.14165707260417765,0.022656700354773483,2.26018180888669,240,1.3993926272701747,1.2610058464867018,1.0612396093690573,0.9394359746597543,3.971286957264206,240,51.8125,99.14763436200377,11.0,0.0,354.125,240
all,Unseen noise,DnCNN,0.0021476848207385045,0.002180864159996881,0.001350510399788618,0.00010767579387902516,0.007285220536869022,240,29.434948955819614,5.527317932383651,28.69503796688749,21.375720449413787,39.67882021674929,240,0.9386653938780773,0.15039589782890142,0.9948985156503014,0.4728746501609538,0.9998472145065986,240,0.28225303583495476,0.5554202636327031,0.10135395273371077,0.017451212160206026,1.5567588934111027,240,1.2142290163732667,0.7115587292153147,1.0273976363753452,0.8783501266203902,2.488151318713513,240,44.854166666666664,97.86776784297396,5.0,0.0,328.2000000000007,240
all,Unseen noise,DnResUnet,0.0013663711456653497,0.0017579549856252957,0.0006303720583673567,5.2579927341867005e-05,0.005895442178007216,240,32.09476804812282,5.914992207766124,32.0041039869106,22.294853810802312,42.792071127888065,240,0.9389371722356574,0.16820619422397523,0.9979553623523907,0.3641559818069829,0.9999208736179871,240,0.2049512452157759,0.35177199853937247,0.06673070859428687,0.013018853422142023,1.1745029929523718,240,1.401345009778709,2.05914274478415,0.9985671235840833,0.8071150611777923,4.421345277653665,240,53.55833333333333,104.24811855929114,5.0,0.0,349.05,240
all,Unseen noise,No denoise,0.014861218929703076,0.014804942764062854,0.010283334646373987,0.0005128982724272646,0.05174435097724201,240,21.25277672777232,5.97011275019122,19.87867078595946,12.861542305372257,32.89968764568334,240,0.8478415463755152,0.23027529306324693,0.967725472610905,0.21280914977804982,0.9990793453970334,240,0.4454502229873023,0.9551884653564864,0.1604135348508689,0.024865306832984376,2.7085711826865237,240,3.2751703997817363,6.748212464429011,1.466898180191489,1.0047987521429111,13.55606411031089,240,101.65,126.55980113605713,40.5,0.0,455.25000000000006,240
all,Unseen noise,Savitzky-Golay,0.0053921792285715735,0.005349678639832331,0.0037270764587447047,0.0001956106825673487,0.01831616102717817,240,25.625656087341234,5.913902908349372,24.286503638847833,17.371669604332386,37.08608486913737,240,0.9035310082393213,0.1861451122115093,0.9872860246429385,0.3222296622971291,0.9996674080757263,240,0.44267817491673317,0.9484385685108067,0.15890221472367277,0.02472957327900188,2.689866503523228,240,1.482943851748095,1.5507297555132085,1.0786020469811288,0.9503683058521137,4.076598064469092,240,56.30833333333333,100.24032175725101,10.0,0.0,352.05,240
all,Unseen noise,TCN,0.0014716418332606433,0.0018695135861496407,0.000697755953297019,5.3605160155711934e-05,0.006493878562469039,240,31.634562353176182,5.822336276040194,31.56306143227912,21.875447728089284,42.7083651933268,240,0.9443259919769589,0.1671731557880162,0.9977441884348863,0.4827869016229197,0.9999238815453269,240,0.22576228232207568,0.4630507322255741,0.06991660152910345,0.012006137595040264,1.5989512352934532,240,1.2360529251704473,1.1035653111815384,1.011266318721431,0.8302667724957502,3.102549481167104,240,50.99166666666667,106.98515877469836,6.0,0.0,403.6750000000002,240
all,Unseen noise,UNet1D,0.0015428855663837263,0.0017594837559720441,0.0008860491216182709,0.00013298470184963662,0.0067712857038714,240,30.47490583023126,4.653463425151622,30.525724123706727,21.693314174592196,38.76198354212465,240,0.9506301066838652,0.1504378760998405,0.9978021068576691,0.5234724722990813,0.9998511986703977,240,0.23874448786534497,0.49932538282665023,0.08155409266202676,0.020922325319685693,1.5199462159278874,240,1.1061478371750058,0.7908899157239757,0.9800170355373967,0.7469388250672131,2.5024283029558116,240,49.3375,102.81896310331167,5.0,0.0,370.125,240
all,Unseen noise,Wavelet,0.0032088917633740595,0.003136956403456376,0.002239794173893527,0.00013641029172843416,0.010607706693573507,240,27.662706159942953,5.622190702449951,26.498220453725537,19.743808484359104,38.65153397696138,240,0.9231819460797258,0.16707846822821817,0.9929598462343285,0.3872893648236307,0.9997839630579674,240,0.34354134081872745,0.7061853098647568,0.11796584143544321,0.01998949781151588,1.9668566993673156,240,1.7564242556365741,2.739139425447986,1.0647226806615553,0.9141172468828389,8.460614063671699,240,68.79166666666667,110.64186227458018,15.0,0.0,361.40000000000055,240
all,Unseen noise,Wiener,0.004635551091057113,0.0045086388480457115,0.0032261271713647788,0.00014199817020569752,0.015226670172448494,240,26.381237776376572,6.150420025377024,24.91320283728373,18.174134395037946,38.477282607465,240,0.9066611280504754,0.18505724079633523,0.9893943686051706,0.32544761233467917,0.9997784649937048,240,0.3685227542918298,0.7785405442055099,0.12923297720387172,0.020004259217158274,2.1871227174114356,240,2.544303276056044,5.258209585183217,1.178836922701737,0.9393278714708148,12.103509498268807,240,87.33333333333333,120.99004650325223,25.0,0.0,390.6500000000004,240
weak_long,Combined OOD,BasicCNN,0.007668558605170499,0.0039177225613116025,0.00699051097035408,0.0017194134095916524,0.015559774404391644,48,21.82915218340786,2.6546251556614364,21.554943885954692,18.080787049211548,27.646198125401177,48,0.6829114101759607,0.2944563762199598,0.7590874895697386,0.03618586220946291,0.975250749487867,48,1.186147948477206,1.4412692815933612,0.8579543433199206,0.209902517364528,3.0825422576319492,48,2.4935337684255554,2.4374351291011602,1.7331516938035332,0.8484500950220222,5.029432098131267,48,78.14583333333333,86.75129273261662,37.0,3.0,262.42499999999995,48
weak_long,Combined OOD,DnCNN,0.004097035873807424,0.0024508812902094557,0.003528578206896782,0.0007394409622065723,0.010331544396467503,48,24.73377753177245,2.973242956616665,24.52417767362646,19.861252663247413,31.311239533449463,48,0.7530495131716957,0.2785046855058739,0.8758606536603208,0.047873760722265006,0.9890465210142133,48,0.8878460583780049,1.0390648276303356,0.6188938483378248,0.1467357483934054,2.3851685276226102,48,1.8742996258067037,1.5517026480235363,1.3660603984458537,0.7846547678339834,4.9482053164525075,48,69.97916666666667,82.3501836563037,24.5,0.0,271.59999999999997,48
weak_long,Combined OOD,DnResUnet,0.0032142714250464146,0.002265313012873439,0.0025788905331864953,0.00034963127109222114,0.008917193021625278,48,26.124621149621333,3.5359587405772794,25.886206395353845,20.49865949706134,34.63682364417672,48,0.759959775724416,0.31164574235855025,0.9111643564761559,-0.05204096930699749,0.9967055245828529,48,0.7576339530401102,1.030652428015661,0.43095003528619247,0.08706752426555446,2.4952965359458092,48,5.403139262259605,18.45163592042338,1.170214425535835,0.7016762679895322,45.74193238893111,48,102.54166666666667,104.99036598828775,62.0,3.175,352.9249999999999,48
weak_long,Combined OOD,No denoise,0.027671946251454454,0.01534962531067716,0.025329643860459328,0.006580450723413378,0.06225554589182134,48,16.28869480685741,2.6434689636626674,15.963919222178975,12.06627563287055,21.821632251875247,48,0.550504525890095,0.3061681046966744,0.5274246051100675,0.021796301629475236,0.9229590886250618,48,1.3840244991565502,1.6866961705805636,1.0124662039874135,0.2247595854580593,3.451632880669651,48,10.24740301362949,20.824438565237923,5.180149685013528,1.6093774792764093,42.41748827836341,48,165.14583333333334,112.01215541624448,156.0,7.4,377.24999999999994,48
weak_long,Combined OOD,Savitzky-Golay,0.010249283698309833,0.005678292016626235,0.009102130774408579,0.0021870686672627927,0.022859481628984202,48,20.644309920042563,2.7651282188278468,20.4086635260867,16.411950708564486,26.60498010202159,48,0.6646795743406496,0.2976506456852356,0.7198359102295497,0.037976643813139616,0.9720399087719603,48,1.3753003506432442,1.6785717903092439,1.002787365439591,0.22260397721033015,3.4311400221344632,48,2.723156449686204,2.6664116810678573,1.8913139449242968,0.9618589769016476,5.507188239081113,48,111.0625,114.70803014981585,60.5,1.0,336.1499999999999,48
weak_long,Combined OOD,TCN,0.0033028121706593083,0.002420574849158652,0.0025378979044035077,0.00043348251492716374,0.009127041627652939,48,26.12546441184612,3.6924631581967997,25.956729715671976,20.399880664580003,33.642051585484516,48,0.7554377238532403,0.32176830962016234,0.902120743492915,-0.16717731368182526,0.9960832758078727,48,0.773567410965244,0.9523598273456555,0.44492563040238187,0.08654353727422828,2.2169934380745207,48,3.343128054569682,9.189419728004818,1.1920298386447126,0.7612651208344323,21.24385557163563,48,108.41666666666667,113.43530039580503,65.0,1.0,351.1499999999999,48
weak_long,Combined OOD,UNet1D,0.0033888737725646934,0.003141436602718609,0.0022998114582151175,0.0003701430578075815,0.010590506950393312,48,26.642095351686987,4.367696158626395,26.400631926049055,19.75817406219951,34.34857493363906,48,0.7835270126204192,0.3227092476993117,0.9104116105262143,-0.09444838261239168,0.9973728013367953,48,0.7731154133303093,0.9284357594460765,0.45876830696741094,0.0857293867518835,2.26386807787147,48,1.6636884826210432,1.4263092864734672,1.1083002861525242,0.6116598611193931,4.514148900448427,48,75.16666666666667,91.13079992535707,34.0,0.17500000000000004,291.1499999999999,48
weak_long,Combined OOD,Wavelet,0.006178787598695358,0.003173674454396664,0.0056550762783801585,0.0020424693571701393,0.013099868569894167,48,22.66937223511435,2.336362403163998,22.475616314244945,18.835851597317646,26.89851187554423,48,0.7177235532753509,0.28450860201653366,0.8006390184147081,0.041838283296003656,0.9804982409897461,48,1.0725911725477748,1.3278240063433933,0.7791426644879041,0.16976771955965178,2.837400644777886,48,5.395179323582236,13.47901547848145,1.9413677055483318,0.9964824352059162,32.729583562334554,48,140.97916666666666,128.35000179584304,102.0,4.35,411.89999999999975,48
weak_long,Combined OOD,Wiener,0.009007323466889051,0.004301549296508205,0.008208044098397956,0.0030263863770067195,0.017658846211617882,48,20.973639210929264,2.2235570539866587,20.858034156878453,17.530377008947152,25.194375537233636,48,0.6749075048928459,0.294144369091669,0.7252920169257752,0.032141557989919,0.9712757556935063,48,1.1370821862823701,1.3800534787361023,0.8308149851523671,0.18598535803119623,2.9090071542375613,48,7.988512053083194,18.569872107334277,3.077220919299086,1.2422573972628614,38.46360186758642,48,171.91666666666666,123.38468357881366,144.5,8.225,383.29999999999995,48
weak_long,ID resampling,BasicCNN,0.013545925306971185,0.007906685029758215,0.011997221037745476,0.00454469423275441,0.03481531031429767,48,19.326796275445247,2.4019398659456432,19.209514718525543,14.582304655865139,23.42722624189996,48,0.6691086968320622,0.3427888546704759,0.8175954705061685,-0.07082162400222161,0.9825380659372096,48,1.1074623070426048,1.1975451572754277,0.6031338239974986,0.18675666189179266,3.9690723631384883,48,2.480090614429334,1.8878533426379722,1.623183662945538,0.9295598399416524,7.405630584182834,48,102.04166666666667,130.0790199011344,51.5,0.0,478.47499999999997,48
weak_long,ID resampling,DnCNN,0.00770108569849981,0.0053420771549713315,0.005920709343627095,0.0014316847402369604,0.022390857059508554,48,22.145520282490434,3.1254578175063927,22.27721856081884,16.500584297027444,28.449901826815758,48,0.7398072824349753,0.3413342448874851,0.8967768181093607,-0.09105170329975086,0.9940069493994895,48,0.872194242313665,0.9740038373128925,0.5129970903609291,0.11113604093986773,3.152461120583056,48,1.799123499678965,1.3123863207930941,1.354358470429994,0.7419506607053719,5.754520817841898,48,99.35416666666667,129.7863202284421,44.0,0.0,479.27499999999986,48
weak_long,ID resampling,DnResUnet,0.0034946891640477893,0.0035191500867490224,0.0021154439309611917,0.0003726137314515654,0.012482139607891428,48,26.70177839671264,4.498567148708925,26.752313946663644,19.05635027468029,34.288414553577255,48,0.8261309080253708,0.35078549083240007,0.9605798399321839,-0.13314529016898832,0.9990245594103767,48,0.5633218501561602,0.6347318230241414,0.28893370729565404,0.0542816846234125,2.1719413877510623,48,1.2789329489648316,0.5950397267269141,1.090932495474911,0.623906038738569,3.007333393915107,48,90.02083333333333,139.39481500527418,22.0,0.0,508.54999999999995,48
weak_long,ID resampling,No denoise,0.056385939940810204,0.022860010429999154,0.05209620110690594,0.01967812734656036,0.10816314574331043,48,12.866664902706653,1.902903485310475,12.83198252546369,9.660319544769402,17.06141455646225,48,0.5377253677577593,0.328332188615997,0.584450769650604,-0.03798349820023176,0.9204283156016815,48,1.5425102729477749,1.7323008035055831,0.752746752360488,0.1738867552933889,5.8083698738130485,48,6.007281304897538,6.890287042620264,3.591504913284311,1.3054673448389609,18.6674217675682,48,154.83333333333334,146.29994449371895,111.0,0.3500000000000001,495.825,48
weak_long,ID resampling,Savitzky-Golay,0.025414365663891658,0.01665666485698759,0.020434053614735603,0.00418443811358884,0.06345942020416259,48,16.920862495194612,3.093986861906518,16.89647502494514,11.975117996380938,23.86107212443413,48,0.6340795433066805,0.35173202342983195,0.7867466912920648,-0.06458595369533313,0.9788269362051768,48,1.529495501614962,1.71892217250722,0.7463839622267334,0.1732500157633673,5.785502451866927,48,3.4687382390593933,3.077821221799782,2.164785467946327,0.9831109817987619,12.156987590609095,48,134.25,148.1562573627745,71.0,0.0,508.0249999999999,48
weak_long,ID resampling,TCN,0.003797086195239293,0.004220444667127807,0.0020544584840536118,0.00031086651506484486,0.015425281412899493,48,26.6200699832701,4.731440051216134,26.874554008065697,18.11781698834405,35.109409501665226,48,0.8105330946264365,0.3587978833163723,0.9614818728941708,-0.21670383207629892,0.9988465969208101,48,0.5851412216369342,0.7108205220428261,0.3347786252621986,0.045722027649949315,2.5621196837909106,48,1.3489173580666047,0.8068186136832943,1.1032793391584526,0.6130009880716081,3.6009233820977005,48,80.39583333333333,133.70143613597685,24.5,0.0,505.72499999999997,48
weak_long,ID resampling,UNet1D,0.003950429455168584,0.003971225748418482,0.002502799965441227,0.0004633779884898104,0.012349109351634966,48,26.086011552269998,4.450894917416473,26.016111462069183,19.101926661405088,33.43258642959554,48,0.8259394635725394,0.3160090751664461,0.9435256223609494,-0.02208956983868495,0.9985646144575592,48,0.5798978077798527,0.6239428203750375,0.36515358701029865,0.06888833400770163,2.333953073381181,48,1.195783038546383,0.5771509679336208,1.0019080601209636,0.5477500877267802,3.004933651189631,48,125.14583333333333,160.35240308071116,46.0,0.0,511.0,48
weak_long,ID resampling,Wavelet,0.029170684057035493,0.02367878975727678,0.02057708954124325,0.002508759984748152,0.082231500837117,48,17.154158802486084,4.45341280094481,16.867218077348255,10.852519267610075,26.00541151188005,48,0.631812806458435,0.3568777589196771,0.7860660611931665,-0.09949921181397578,0.9917191413258367,48,1.3644719333858744,1.5275889499760265,0.6352838767213065,0.11332711452499315,5.557808992152153,48,4.1641843468909086,3.9682134797188784,2.2981434755141574,0.9959729554341559,14.314807072851405,48,132.39583333333334,140.51542500067586,67.0,0.17500000000000004,495.825,48
weak_long,ID resampling,Wiener,0.019787874621069332,0.011721097163255857,0.016530176261713353,0.00555868430463207,0.046454708406705646,48,17.794351385827852,2.6610495651348356,17.81876617609246,13.32992239827294,22.550291270963765,48,0.6539725665454289,0.3523687709078156,0.8159401987109494,-0.09560138358262611,0.9805093138636904,48,1.3148753916247597,1.4675865471577305,0.6367838887032093,0.13502338894411012,4.923013238022612,48,4.217547168810245,4.0904659310603915,2.603580656953598,0.9787766020591235,13.26002552728752,48,165.04166666666666,164.27545087098454,114.0,0.0,494.65,48
weak_long,Sparse acquisition,BasicCNN,0.005824956322612707,0.002732231562988845,0.0052750816103070974,0.002216072048759088,0.011464379378594456,48,22.732857723220974,1.8367277331848493,22.778078084830057,19.407390977060324,26.549726330211875,48,0.8256382924118264,0.1766741942275345,0.8759129109781871,0.4218630834795031,0.9912528190219753,48,0.5363350217499251,0.6083606518680991,0.4083735362912713,0.1081149891721355,1.3265884591492427,48,1.6120998565045772,1.2758261873072252,1.1804338926638065,0.8403148229827404,2.6773366521392474,48,99.10416666666667,121.76787117443834,60.5,1.35,449.17499999999967,48
weak_long,Sparse acquisition,DnCNN,0.0028025252213410567,0.002603042234827786,0.002132741268724203,0.0006794131870265119,0.008695425163023168,48,26.573570379507146,2.877484173191411,26.710681016365015,20.617565699182105,31.68214188426063,48,0.9076764287552123,0.11036475164389631,0.9414847029472504,0.6026311082759009,0.9975245922655859,48,0.3871842041189706,0.4021733878713354,0.3342931334860767,0.06493131061732925,1.0304454045347653,48,1.281969472119429,0.7197277062806948,1.0809838917487855,0.7367948473225348,1.978758581503788,48,108.85416666666667,138.66797780084588,38.0,3.175,501.34999999999985,48
weak_long,Sparse acquisition,DnResUnet,0.0019615236592471774,0.002766222965379314,0.0011890839668922126,0.00012428746358637,0.007996976131107657,48,29.44245718523331,4.5812017535282035,29.249829766463336,20.971353961881963,39.10752764473156,48,0.9382087884968682,0.12543484610563782,0.9774350373110023,0.6345637310020783,0.999551251105021,48,0.27334185997868893,0.22732787151189676,0.24304428446850906,0.03549586603937111,0.8656373713375537,48,1.097844374124551,0.3297789078148141,1.0104809188631907,0.6962030337895728,2.029982328708377,48,84.47916666666667,135.79160967771625,15.5,0.0,485.3249999999994,48
weak_long,Sparse acquisition,No denoise,0.06798368459101646,0.030507314707430677,0.07120652012992276,0.023392553959386685,0.12820784843888544,48,12.176025583431015,2.2108923473145565,11.484967268573294,8.934198482584165,16.311867108627737,48,0.5643551996578657,0.2814837417241689,0.49980054178401107,0.15052178203917557,0.9280809588887078,48,0.7056914277808547,0.9079487129388248,0.4828622401515246,0.11352066703598057,1.9383111534575481,48,4.823672661817473,5.912627015632575,3.413486651440144,1.4034249374629497,11.294400933635703,48,129.58333333333334,129.8116201947601,90.0,3.175,456.6999999999998,48
weak_long,Sparse acquisition,Savitzky-Golay,0.008288018756575569,0.004015052366866301,0.008345265701940954,0.0026237352030499114,0.017581338614139345,48,21.345795628032004,2.253432394174581,20.792954570151437,17.561524828801016,25.814286079970813,48,0.8166478510330263,0.18648357339176516,0.8705488584563887,0.39112208773895496,0.9904421401360107,48,0.6966300016356817,0.8900128572971716,0.47910980211646825,0.1120479057302588,1.9031504002785593,48,1.9970552530157129,1.72401989303718,1.3913657060422968,0.9061383473342314,3.535209682696337,48,116.5,143.60851038611588,35.5,3.0,502.4249999999998,48
weak_long,Sparse acquisition,TCN,0.0023792589990989654,0.0028001952654162967,0.0016476946766488254,0.00029802567296428607,0.008972532744519401,48,28.105987077906068,3.998256826919584,27.83164969849171,20.50267185863176,35.270891250538845,48,0.9327235337970565,0.10300887624082786,0.9683742495427881,0.5809085449813729,0.9992635327167463,48,0.3063781751375267,0.27952471548315483,0.24156116673648176,0.041714208788868376,0.9300442745005458,48,1.2163681483269293,0.7747616781953411,1.0330646654862,0.6455930344403709,2.327585648490946,48,88.20833333333333,134.8357485165347,23.5,0.0,471.37499999999926,48
weak_long,Sparse acquisition,UNet1D,0.0019316760041571495,0.0028295970141567644,0.0010577626526355743,0.0001866887658252381,0.009776425873860703,48,29.608341647513953,4.4370573947069705,29.7566059907319,20.14218844296969,37.30466056751427,48,0.9560365042637683,0.06592954804276359,0.9758830463306529,0.7294340837524103,0.9994097722509236,48,0.2676265722621555,0.19774725503779592,0.23361581245245694,0.04049425975448169,0.6955178790951221,48,0.9230267536022415,0.20385778562922613,0.9266754978458632,0.5636850750079768,1.3394923943796724,48,81.1875,133.86856943651384,19.5,0.0,492.0749999999996,48
weak_long,Sparse acquisition,Wavelet,0.0031492379890023293,0.002859694338559187,0.0024441401781980397,0.0007093825426161514,0.009640972034328456,48,26.20826881546364,3.1886057267513808,26.123607617848435,20.186526909903147,31.491373353207607,48,0.9081044424109344,0.11490309986415179,0.9482582551346435,0.5666395712758137,0.9980802558283753,48,0.4688807218766308,0.5491510040993206,0.3390772539127369,0.06615140860754581,1.4237928295806452,48,1.3206512587456867,0.8329180146904266,1.0772051765079296,0.7555221073905344,2.2178686200321294,48,100.08333333333333,133.5288371648983,35.0,0.0,485.27499999999935,48
weak_long,Sparse acquisition,Wiener,0.006297463416717083,0.0031913624397836397,0.006541832663780917,0.0019682686357178204,0.010721232711663645,48,22.559226720586896,2.2927550134785255,21.84301906818693,19.697562950360762,27.05920596922414,48,0.8421105541363878,0.16658549191170394,0.8970651707977058,0.4536565218288955,0.9927798889528479,48,0.5389378381297637,0.641189463453769,0.3990191478393622,0.09150371169314213,1.4841263255373034,48,2.377465389413447,2.402452471334346,1.6364527273601255,1.0297429337881085,5.847180625532151,48,126.29166666666667,143.24624807879778,55.0,2.0,456.6999999999998,48
weak_long,Unseen noise,BasicCNN,0.0074887923304534825,0.003643339102446659,0.007011248730123043,0.0017713753681164236,0.017128558037802572,48,21.788004045877404,2.284954522257751,21.550314826322364,17.665238110397194,27.603948699216318,48,0.6941102329135121,0.2889978153393679,0.7740971833859023,0.10721199957925943,0.9765403995073086,48,1.1908803117114688,1.4989061899595726,0.8015555396655678,0.22776475576347635,3.1060925580441494,48,2.511859825378339,2.507363934311824,1.7871162667132219,1.051313770781476,5.167940875691022,48,123.97916666666667,136.2629637921414,67.5,1.35,497.4749999999998,48
weak_long,Unseen noise,DnCNN,0.0038103340654439912,0.0021409969823205357,0.0035181163111701608,0.0008880290988599882,0.009019687201362096,48,24.86163111306335,2.5442976231819454,24.537309132366392,20.459380847611925,30.597128685867276,48,0.7685974247632311,0.2682362360202909,0.8895437101056243,0.15183399821172028,0.9887012814416175,48,0.8650364738484605,1.0184965314850718,0.5656973171921502,0.1589247393768702,2.47621642514197,48,1.8414054733211491,1.4054366368748947,1.5193649310806912,0.8828783241555793,3.9688447271835834,48,91.85416666666667,130.98546120123137,31.0,0.0,495.7749999999998,48
weak_long,Unseen noise,DnResUnet,0.0026744532927599116,0.002024471691494703,0.0023520684335380793,0.00036850528122158723,0.008782337931916113,48,26.848832101034684,3.318161738130079,26.285782598411387,20.568643016027522,34.51745735515534,48,0.7631001267393923,0.2897547517822672,0.9154965523923377,0.1344513101189421,0.9981286454741729,48,0.6131817768052104,0.5863777094437667,0.4537390399662009,0.051230744968738584,1.9239972350662389,48,2.624210383258886,4.032606501344933,1.186441521784499,0.7139118358852515,13.96566640499356,48,120.22916666666667,128.75281274900422,84.0,0.3500000000000001,446.9499999999998,48
weak_long,Unseen noise,No denoise,0.02767906174995005,0.014877483495798758,0.02511937916278839,0.006667079264298081,0.06323959734290835,48,16.163788593908517,2.362082881964534,16.000390533273,11.99696666881146,21.79686345676108,48,0.5563974634627119,0.30380301272686266,0.5407861321294949,0.049872384144548934,0.9355449240379143,48,1.398132220142692,1.8033001439239986,0.9226412227820427,0.25183598836553517,3.5831735156330273,48,9.180231044659381,13.386716678814263,5.3124652596021456,1.6084061022587763,31.96534646686757,48,171.5,130.39449146438403,128.5,27.525,477.27499999999986,48
weak_long,Unseen noise,Savitzky-Golay,0.00998233794234693,0.005355944352923051,0.009191981982439756,0.0022887803963385525,0.022542857332155088,48,20.594449837329094,2.3612725783574224,20.366396498983065,16.48370612269283,26.495285019783296,48,0.6741146020453951,0.2947109266564678,0.7381133330478451,0.08641957006800224,0.9731801630354853,48,1.3894190398159882,1.7899056695137414,0.9171695821599093,0.2506226840267424,3.566731652833142,48,2.803887322361294,3.115675279885834,2.0733524085994004,1.1075600581098228,5.5479494767597215,48,127.33333333333333,126.90243082917921,81.5,0.17500000000000004,444.62499999999955,48
weak_long,Unseen noise,TCN,0.0028222534147062106,0.002257549334782539,0.002308415248990059,0.0004189238024991937,0.009652308165095743,48,26.746708206859154,3.5014767572733856,26.368635871400365,20.15722873719604,33.80502674591712,48,0.7750002886439594,0.31681404205538,0.9230459000163651,-0.1364301335596221,0.9955241340547774,48,0.705221182022998,0.8543538896661008,0.42516045501657646,0.08571464421652546,2.0054430234779823,48,1.9794562390125277,2.2583498462803897,1.1744906669480073,0.7740106131835626,10.152390320252225,48,102.41666666666667,140.326493659234,40.5,0.17500000000000004,505.9249999999999,48
weak_long,Unseen noise,UNet1D,0.002679593149878201,0.0022201556934511764,0.0018571962136775255,0.00033667975221760574,0.00847204661695286,48,27.088902248448786,3.606479806350258,27.31152527254479,20.726512660350892,34.79577638230528,48,0.7974650037627287,0.28608983002953514,0.9437426007660479,-0.08881568695098933,0.9979849290103839,48,0.7408625676673276,0.9403184077703765,0.38665123398056356,0.063180010841925,2.5486316969139065,48,1.6246070998397897,1.6688532060954318,1.1165489702193674,0.6591031107236776,3.9508546507572584,48,108.125,132.39152524783,51.5,0.0,442.7249999999998,48
weak_long,Unseen noise,Wavelet,0.005917009062587859,0.0029907378854785315,0.005429040298317131,0.002518379377195771,0.0141189838535084,48,22.74234615596664,1.9913430592311667,22.654082169651012,18.53520658324525,25.988814488409158,48,0.7228134749669045,0.27986750279623657,0.8186863320907385,0.12015049376132661,0.9831994995232456,48,1.073410531488974,1.3096616629875955,0.7224976328236536,0.18775878849738997,3.066092826963539,48,3.92611258424258,5.430140770674983,2.042273296208046,1.0006096044666084,17.499114922450218,48,128.875,122.02818387394966,91.5,0.0,436.44999999999953,48
weak_long,Unseen noise,Wiener,0.00883771038715121,0.004251256059064818,0.008385468380210908,0.0032958839274236243,0.02018111778107849,48,20.964732513336667,1.9328471707406827,20.76475360370021,16.95774861819654,24.820679231807077,48,0.6787534445771568,0.29524232400261474,0.7567106113841389,0.08386579765162394,0.9755368798601888,48,1.1569787064599535,1.45930262443613,0.7753363875025459,0.20800979505830341,3.129873877043921,48,6.923756741727625,10.539084485357725,3.7566737956476395,1.099899911117606,27.634364580057497,48,141.10416666666666,131.17103332012562,85.0,5.175,443.4499999999997,48
